SiteURL,GroupName,UserAccount
https://8n1q68.sharepoint.com/Sites/NewSiteFromPSScript4,New Site by PS Script 4 Visitors,AdeleV@8n1q68.onmicrosoft.com
https://8n1q68.sharepoint.com/Sites/NewSiteFromPSScript4,New Site by PS Script 4 Visitors,AlexW@8n1q68.onmicrosoft.com
https://8n1q68.sharepoint.com/Sites/NewSiteFromPSScript4,New Site by PS Script 4 Visitors,DiegoS@8n1q68.onmicrosoft.com
https://8n1q68.sharepoint.com/Sites/NewSiteFromPSScript4,New Site by PS Script 4 Visitors,GradyA@8n1q68.onmicrosoft.com
https://8n1q68.sharepoint.com/Sites/NewSiteFromPSScript4,New Site by PS Script 4 Visitors,HenriettaM@8n1q68.onmicrosoft.com
https://8n1q68.sharepoint.com/Sites/NewSiteFromPSScript4,New Site by PS Script 4 Visitors,IsaiahL@8n1q68.onmicrosoft.com
https://8n1q68.sharepoint.com/Sites/NewSiteFromPSScript4,New Site by PS Script 4 Visitors,joe.choi@8n1q68.onmicrosoft.com
https://8n1q68.sharepoint.com/Sites/NewSiteFromPSScript4,New Site by PS Script 4 Visitors,JohannaL@8n1q68.onmicrosoft.com
https://8n1q68.sharepoint.com/Sites/NewSiteFromPSScript4,New Site by PS Script 4 Visitors,JoniS@8n1q68.onmicrosoft.com
https://8n1q68.sharepoint.com/Sites/NewSiteFromPSScript4,New Site by PS Script 4 Visitors,LeeG@8n1q68.onmicrosoft.com
https://8n1q68.sharepoint.com/Sites/NewSiteFromPSScript4,New Site by PS Script 4 Visitors,LidiaH@8n1q68.onmicrosoft.com
https://8n1q68.sharepoint.com/Sites/NewSiteFromPSScript4,New Site by PS Script 4 Visitors,LynneR@8n1q68.onmicrosoft.com
https://8n1q68.sharepoint.com/Sites/NewSiteFromPSScript4,New Site by PS Script 4 Visitors,MeganB@8n1q68.onmicrosoft.com
https://8n1q68.sharepoint.com/Sites/NewSiteFromPSScript4,New Site by PS Script 4 Visitors,MiriamG@8n1q68.onmicrosoft.com
https://8n1q68.sharepoint.com/Sites/NewSiteFromPSScript4,New Site by PS Script 4 Visitors,NestorW@8n1q68.onmicrosoft.com
https://8n1q68.sharepoint.com/Sites/NewSiteFromPSScript4,New Site by PS Script 4 Visitors,PattiF@8n1q68.onmicrosoft.com
https://8n1q68.sharepoint.com/Sites/NewSiteFromPSScript4,New Site by PS Script 4 Visitors,PradeepG@8n1q68.onmicrosoft.com
